scheme1	scheme2	ds	topic	loss	alpha
tfidf	bm25	description	1.0	748.552204858	0.99
tfidf	ib	description	1.0	748.552204447	0.99
tfidf	lmd	description	1.0	748.552204782	0.99
tfidf	lmj	description	1.0	748.552204527	0.99
tfidf	dfr	description	1.0	748.552204421	0.99
bm25	ib	description	1.0	748.552210588	0.0
bm25	lmd	description	1.0	748.552244113	0.0
bm25	lmj	description	1.0	748.552218569	0.0
bm25	dfr	description	1.0	748.552207958	0.0
ib	lmd	description	1.0	748.552210924	0.99
ib	lmj	description	1.0	748.552210668	0.99
ib	dfr	description	1.0	748.552207958	0.0
lmd	lmj	description	1.0	748.552218569	0.0
lmd	dfr	description	1.0	748.552207958	0.0
lmj	dfr	description	1.0	748.552207958	0.0
tfidf	bm25	description	2.0	741.798463811	0.01
tfidf	ib	description	2.0	741.79839965	0.0
tfidf	lmd	description	2.0	741.798343772	0.0
tfidf	lmj	description	2.0	741.798343597	0.0
tfidf	dfr	description	2.0	741.798374553	0.0
bm25	ib	description	2.0	741.79839965	0.0
bm25	lmd	description	2.0	741.798343772	0.0
bm25	lmj	description	2.0	741.798343597	0.0
bm25	dfr	description	2.0	741.798374553	0.0
ib	lmd	description	2.0	741.798343772	0.0
ib	lmj	description	2.0	741.798343597	0.0
ib	dfr	description	2.0	741.798374553	0.0
lmd	lmj	description	2.0	741.798343597	0.0
lmd	dfr	description	2.0	741.79834408	0.99
lmj	dfr	description	2.0	741.798343906	0.99
tfidf	bm25	description	3.0	762.615273369	0.99
tfidf	ib	description	3.0	762.615245001	0.0
tfidf	lmd	description	3.0	762.615250487	0.0
tfidf	lmj	description	3.0	762.615273584	0.99
tfidf	dfr	description	3.0	762.615249437	0.0
bm25	ib	description	3.0	762.615245001	0.0
bm25	lmd	description	3.0	762.615250487	0.0
bm25	lmj	description	3.0	762.615286993	0.99
bm25	dfr	description	3.0	762.615249437	0.0
ib	lmd	description	3.0	762.615245056	0.99
ib	lmj	description	3.0	762.615245635	0.99
ib	dfr	description	3.0	762.615245045	0.99
lmd	lmj	description	3.0	762.615251065	0.99
lmd	dfr	description	3.0	762.615249437	0.0
lmj	dfr	description	3.0	762.615249437	0.0
tfidf	bm25	description	4.0	754.73066413	0.01
tfidf	ib	description	4.0	754.730698355	0.99
tfidf	lmd	description	4.0	754.730698059	0.99
tfidf	lmj	description	4.0	754.730698046	0.99
tfidf	dfr	description	4.0	754.730698493	0.99
bm25	ib	description	4.0	754.730664531	0.99
bm25	lmd	description	4.0	754.730664235	0.99
bm25	lmj	description	4.0	754.730664222	0.99
bm25	dfr	description	4.0	754.730664669	0.99
ib	lmd	description	4.0	754.730708427	0.0
ib	lmj	description	4.0	754.730707143	0.0
ib	dfr	description	4.0	754.730738187	0.99
lmd	lmj	description	4.0	754.730707143	0.0
lmd	dfr	description	4.0	754.730708862	0.99
lmj	dfr	description	4.0	754.73070759	0.99
tfidf	bm25	description	5.0	741.803213014	0.01
tfidf	ib	description	5.0	741.803206925	0.0
tfidf	lmd	description	5.0	741.803181635	0.0
tfidf	lmj	description	5.0	741.803218718	0.0
tfidf	dfr	description	5.0	741.803174014	0.0
bm25	ib	description	5.0	741.803206925	0.0
bm25	lmd	description	5.0	741.803181635	0.0
bm25	lmj	description	5.0	741.803212954	0.99
bm25	dfr	description	5.0	741.803174014	0.0
ib	lmd	description	5.0	741.803181635	0.0
ib	lmj	description	5.0	741.803207042	0.99
ib	dfr	description	5.0	741.803174014	0.0
lmd	lmj	description	5.0	741.803182006	0.99
lmd	dfr	description	5.0	741.803174014	0.0
lmj	dfr	description	5.0	741.803174014	0.0
tfidf	bm25	description	6.0	746.864252942	0.99
tfidf	ib	description	6.0	746.864252577	0.99
tfidf	lmd	description	6.0	746.864252923	0.99
tfidf	lmj	description	6.0	746.864253113	0.99
tfidf	dfr	description	6.0	746.86425277	0.99
bm25	ib	description	6.0	746.864261536	0.0
bm25	lmd	description	6.0	746.864296095	0.0
bm25	lmj	description	6.0	746.86429824	0.99
bm25	dfr	description	6.0	746.864280854	0.0
ib	lmd	description	6.0	746.864261882	0.99
ib	lmj	description	6.0	746.864262072	0.99
ib	dfr	description	6.0	746.864261729	0.99
lmd	lmj	description	6.0	746.864296285	0.99
lmd	dfr	description	6.0	746.864280854	0.0
lmj	dfr	description	6.0	746.864280854	0.0
tfidf	bm25	description	7.0	761.490514336	0.99
tfidf	ib	description	7.0	761.490514042	0.99
tfidf	lmd	description	7.0	761.490514506	0.99
tfidf	lmj	description	7.0	761.490514309	0.99
tfidf	dfr	description	7.0	761.490513864	0.99
bm25	ib	description	7.0	761.490570808	0.0
bm25	lmd	description	7.0	761.490600381	0.99
bm25	lmj	description	7.0	761.49059751	0.0
bm25	dfr	description	7.0	761.490552999	0.0
ib	lmd	description	7.0	761.490571272	0.99
ib	lmj	description	7.0	761.490571075	0.99
ib	dfr	description	7.0	761.490552999	0.0
lmd	lmj	description	7.0	761.49059751	0.0
lmd	dfr	description	7.0	761.490552999	0.0
lmj	dfr	description	7.0	761.490552999	0.0
tfidf	bm25	description	8.0	726.036209124	0.01
tfidf	ib	description	8.0	726.036335298	0.99
tfidf	lmd	description	8.0	726.036334145	0.99
tfidf	lmj	description	8.0	726.036335014	0.99
tfidf	dfr	description	8.0	726.036334099	0.99
bm25	ib	description	8.0	726.036216808	0.99
bm25	lmd	description	8.0	726.036215655	0.99
bm25	lmj	description	8.0	726.036216525	0.99
bm25	dfr	description	8.0	726.03621561	0.99
ib	lmd	description	8.0	726.036980807	0.0
ib	lmj	description	8.0	726.037067781	0.0
ib	dfr	description	8.0	726.036976263	0.0
lmd	lmj	description	8.0	726.036981676	0.99
lmd	dfr	description	8.0	726.036976263	0.0
lmj	dfr	description	8.0	726.036976263	0.0
tfidf	bm25	description	9.0	677.695268601	0.99
tfidf	ib	description	9.0	677.695256295	0.0
tfidf	lmd	description	9.0	677.695268446	0.99
tfidf	lmj	description	9.0	677.695268875	0.99
tfidf	dfr	description	9.0	677.69526849	0.99
bm25	ib	description	9.0	677.695256295	0.0
bm25	lmd	description	9.0	677.695293979	0.0
bm25	lmj	description	9.0	677.695309752	0.99
bm25	dfr	description	9.0	677.695298413	0.0
ib	lmd	description	9.0	677.695256672	0.99
ib	lmj	description	9.0	677.695257101	0.99
ib	dfr	description	9.0	677.695256716	0.99
lmd	lmj	description	9.0	677.695294408	0.99
lmd	dfr	description	9.0	677.695294023	0.99
lmj	dfr	description	9.0	677.695298413	0.0
tfidf	bm25	description	10.0	706.937163833	0.99
tfidf	ib	description	10.0	706.937152033	0.0
tfidf	lmd	description	10.0	706.937155117	0.0
tfidf	lmj	description	10.0	706.937163034	0.0
tfidf	dfr	description	10.0	706.937136548	0.0
bm25	ib	description	10.0	706.937152033	0.0
bm25	lmd	description	10.0	706.937155117	0.0
bm25	lmj	description	10.0	706.937163034	0.0
bm25	dfr	description	10.0	706.937136548	0.0
ib	lmd	description	10.0	706.937152064	0.99
ib	lmj	description	10.0	706.937152143	0.99
ib	dfr	description	10.0	706.937136548	0.0
lmd	lmj	description	10.0	706.937155196	0.99
lmd	dfr	description	10.0	706.937136548	0.0
lmj	dfr	description	10.0	706.937136548	0.0
tfidf	bm25	description	11.0	702.437934282	0.99
tfidf	ib	description	11.0	702.437935227	0.99
tfidf	lmd	description	11.0	702.437935549	0.99
tfidf	lmj	description	11.0	702.4379355	0.99
tfidf	dfr	description	11.0	702.437935196	0.99
bm25	ib	description	11.0	702.43797344	0.99
bm25	lmd	description	11.0	702.437973761	0.99
bm25	lmj	description	11.0	702.437973713	0.99
bm25	dfr	description	11.0	702.437973408	0.99
ib	lmd	description	11.0	702.438067363	0.99
ib	lmj	description	11.0	702.438067314	0.99
ib	dfr	description	11.0	702.438063868	0.0
lmd	lmj	description	11.0	702.438094337	0.0
lmd	dfr	description	11.0	702.438063868	0.0
lmj	dfr	description	11.0	702.438063868	0.0
tfidf	bm25	description	12.0	679.941639933	0.99
tfidf	ib	description	12.0	679.941635377	0.0
tfidf	lmd	description	12.0	679.941639982	0.99
tfidf	lmj	description	12.0	679.941640111	0.99
tfidf	dfr	description	12.0	679.94162593	0.0
bm25	ib	description	12.0	679.941635377	0.0
bm25	lmd	description	12.0	679.941643674	0.99
bm25	lmj	description	12.0	679.941643803	0.99
bm25	dfr	description	12.0	679.94162593	0.0
ib	lmd	description	12.0	679.941635509	0.99
ib	lmj	description	12.0	679.941635638	0.99
ib	dfr	description	12.0	679.94162593	0.0
lmd	lmj	description	12.0	679.94164866	0.99
lmd	dfr	description	12.0	679.94162593	0.0
lmj	dfr	description	12.0	679.94162593	0.0
tfidf	bm25	description	13.0	737.868336025	0.99
tfidf	ib	description	13.0	737.868336015	0.99
tfidf	lmd	description	13.0	737.868336227	0.99
tfidf	lmj	description	13.0	737.868335907	0.99
tfidf	dfr	description	13.0	737.868335822	0.99
bm25	ib	description	13.0	737.868361352	0.0
bm25	lmd	description	13.0	737.868362563	0.99
bm25	lmj	description	13.0	737.86835058	0.0
bm25	dfr	description	13.0	737.868342021	0.0
ib	lmd	description	13.0	737.868361563	0.99
ib	lmj	description	13.0	737.86835058	0.0
ib	dfr	description	13.0	737.868342021	0.0
lmd	lmj	description	13.0	737.86835058	0.0
lmd	dfr	description	13.0	737.868342021	0.0
lmj	dfr	description	13.0	737.868342021	0.0
tfidf	bm25	description	14.0	747.42875287	0.99
tfidf	ib	description	14.0	747.428711801	0.0
tfidf	lmd	description	14.0	747.428705097	0.0
tfidf	lmj	description	14.0	747.428751887	0.0
tfidf	dfr	description	14.0	747.428717732	0.0
bm25	ib	description	14.0	747.428711801	0.0
bm25	lmd	description	14.0	747.428705097	0.0
bm25	lmj	description	14.0	747.428751887	0.0
bm25	dfr	description	14.0	747.428717732	0.0
ib	lmd	description	14.0	747.428705097	0.0
ib	lmj	description	14.0	747.428712201	0.99
ib	dfr	description	14.0	747.42871186	0.99
lmd	lmj	description	14.0	747.428705564	0.99
lmd	dfr	description	14.0	747.428705223	0.99
lmj	dfr	description	14.0	747.428717732	0.0
tfidf	bm25	description	15.0	783.418745879	0.99
tfidf	ib	description	15.0	783.418745616	0.99
tfidf	lmd	description	15.0	783.418746114	0.99
tfidf	lmj	description	15.0	783.418746561	0.99
tfidf	dfr	description	15.0	783.41874613	0.99
bm25	ib	description	15.0	783.418773088	0.0
bm25	lmd	description	15.0	783.418799544	0.99
bm25	lmj	description	15.0	783.418799991	0.99
bm25	dfr	description	15.0	783.418799561	0.99
ib	lmd	description	15.0	783.418773586	0.99
ib	lmj	description	15.0	783.418774032	0.99
ib	dfr	description	15.0	783.418773602	0.99
lmd	lmj	description	15.0	783.418823263	0.99
lmd	dfr	description	15.0	783.418822832	0.99
lmj	dfr	description	15.0	783.418824479	0.0
tfidf	bm25	description	16.0	670.943626185	0.99
tfidf	ib	description	16.0	670.943626887	0.99
tfidf	lmd	description	16.0	670.943627403	0.99
tfidf	lmj	description	16.0	670.943627535	0.99
tfidf	dfr	description	16.0	670.943627198	0.99
bm25	ib	description	16.0	670.943652778	0.99
bm25	lmd	description	16.0	670.943653293	0.99
bm25	lmj	description	16.0	670.943653425	0.99
bm25	dfr	description	16.0	670.943653089	0.99
ib	lmd	description	16.0	670.943722804	0.99
ib	lmj	description	16.0	670.943722935	0.99
ib	dfr	description	16.0	670.943722599	0.99
lmd	lmj	description	16.0	670.943773999	0.99
lmd	dfr	description	16.0	670.943753405	0.0
lmj	dfr	description	16.0	670.943753405	0.0
tfidf	bm25	description	17.0	723.801990297	0.01
tfidf	ib	description	17.0	723.801913143	0.0
tfidf	lmd	description	17.0	723.801952399	0.0
tfidf	lmj	description	17.0	723.80201491	0.99
tfidf	dfr	description	17.0	723.802002253	0.0
bm25	ib	description	17.0	723.801913143	0.0
bm25	lmd	description	17.0	723.801952399	0.0
bm25	lmj	description	17.0	723.801990975	0.99
bm25	dfr	description	17.0	723.801990177	0.99
ib	lmd	description	17.0	723.801913535	0.99
ib	lmj	description	17.0	723.801914831	0.99
ib	dfr	description	17.0	723.801914034	0.99
lmd	lmj	description	17.0	723.801953695	0.99
lmd	dfr	description	17.0	723.801952898	0.99
lmj	dfr	description	17.0	723.802002253	0.0
tfidf	bm25	description	18.0	729.430539052	0.99
tfidf	ib	description	18.0	729.430509878	0.0
tfidf	lmd	description	18.0	729.430498333	0.0
tfidf	lmj	description	18.0	729.430501976	0.0
tfidf	dfr	description	18.0	729.430469232	0.0
bm25	ib	description	18.0	729.430509878	0.0
bm25	lmd	description	18.0	729.430498333	0.0
bm25	lmj	description	18.0	729.430501976	0.0
bm25	dfr	description	18.0	729.430469232	0.0
ib	lmd	description	18.0	729.430498333	0.0
ib	lmj	description	18.0	729.430501976	0.0
ib	dfr	description	18.0	729.430469232	0.0
lmd	lmj	description	18.0	729.43049837	0.99
lmd	dfr	description	18.0	729.430469232	0.0
lmj	dfr	description	18.0	729.430469232	0.0
tfidf	bm25	description	19.0	693.43756405	0.01
tfidf	ib	description	19.0	693.437566739	0.99
tfidf	lmd	description	19.0	693.437566813	0.99
tfidf	lmj	description	19.0	693.437567521	0.99
tfidf	dfr	description	19.0	693.437566736	0.99
bm25	ib	description	19.0	693.437565224	0.99
bm25	lmd	description	19.0	693.437565298	0.99
bm25	lmj	description	19.0	693.437566006	0.99
bm25	dfr	description	19.0	693.437565221	0.99
ib	lmd	description	19.0	693.437683047	0.99
ib	lmj	description	19.0	693.437683755	0.99
ib	dfr	description	19.0	693.437682646	0.0
lmd	lmj	description	19.0	693.437691058	0.99
lmd	dfr	description	19.0	693.437682646	0.0
lmj	dfr	description	19.0	693.437682646	0.0
tfidf	bm25	description	20.0	706.93463445	0.99
tfidf	ib	description	20.0	706.93463416	0.99
tfidf	lmd	description	20.0	706.934634411	0.99
tfidf	lmj	description	20.0	706.934634364	0.99
tfidf	dfr	description	20.0	706.934625369	0.0
bm25	ib	description	20.0	706.93464147	0.0
bm25	lmd	description	20.0	706.934666578	0.0
bm25	lmj	description	20.0	706.934661923	0.0
bm25	dfr	description	20.0	706.934625369	0.0
ib	lmd	description	20.0	706.934641721	0.99
ib	lmj	description	20.0	706.934641674	0.99
ib	dfr	description	20.0	706.934625369	0.0
lmd	lmj	description	20.0	706.934661923	0.0
lmd	dfr	description	20.0	706.934625369	0.0
lmj	dfr	description	20.0	706.934625369	0.0
tfidf	bm25	description	21.0	725.488905139	0.99
tfidf	ib	description	21.0	725.488907904	0.99
tfidf	lmd	description	21.0	725.488908212	0.99
tfidf	lmj	description	21.0	725.488907991	0.99
tfidf	dfr	description	21.0	725.488908254	0.99
bm25	ib	description	21.0	725.488928163	0.99
bm25	lmd	description	21.0	725.488928471	0.99
bm25	lmj	description	21.0	725.48892825	0.99
bm25	dfr	description	21.0	725.488928513	0.99
ib	lmd	description	21.0	725.489202177	0.99
ib	lmj	description	21.0	725.489201956	0.99
ib	dfr	description	21.0	725.48920222	0.99
lmd	lmj	description	21.0	725.489210535	0.0
lmd	dfr	description	21.0	725.489232683	0.99
lmj	dfr	description	21.0	725.489210799	0.99
tfidf	bm25	description	22.0	687.251071758	0.99
tfidf	ib	description	22.0	687.251030963	0.0
tfidf	lmd	description	22.0	687.251070718	0.0
tfidf	lmj	description	22.0	687.251071959	0.99
tfidf	dfr	description	22.0	687.2510635	0.0
bm25	ib	description	22.0	687.251030963	0.0
bm25	lmd	description	22.0	687.251070718	0.0
bm25	lmj	description	22.0	687.251104022	0.99
bm25	dfr	description	22.0	687.2510635	0.0
ib	lmd	description	22.0	687.251031361	0.99
ib	lmj	description	22.0	687.251031893	0.99
ib	dfr	description	22.0	687.251031289	0.99
lmd	lmj	description	22.0	687.25107125	0.99
lmd	dfr	description	22.0	687.2510635	0.0
lmj	dfr	description	22.0	687.2510635	0.0
tfidf	bm25	description	23.0	804.231150816	0.99
tfidf	ib	description	23.0	804.231151616	0.99
tfidf	lmd	description	23.0	804.231151321	0.99
tfidf	lmj	description	23.0	804.231151737	0.99
tfidf	dfr	description	23.0	804.231151382	0.99
bm25	ib	description	23.0	804.231188681	0.99
bm25	lmd	description	23.0	804.231188386	0.99
bm25	lmj	description	23.0	804.231188803	0.99
bm25	dfr	description	23.0	804.231188448	0.99
ib	lmd	description	23.0	804.23123836	0.0
ib	lmj	description	23.0	804.231267962	0.99
ib	dfr	description	23.0	804.23124449	0.0
lmd	lmj	description	23.0	804.231238776	0.99
lmd	dfr	description	23.0	804.231238421	0.99
lmj	dfr	description	23.0	804.23124449	0.0
tfidf	bm25	description	24.0	722.115794708	0.01
tfidf	ib	description	24.0	722.115741645	0.0
tfidf	lmd	description	24.0	722.115705745	0.0
tfidf	lmj	description	24.0	722.115805915	0.99
tfidf	dfr	description	24.0	722.115741122	0.0
bm25	ib	description	24.0	722.115741645	0.0
bm25	lmd	description	24.0	722.115705745	0.0
bm25	lmj	description	24.0	722.115794728	0.99
bm25	dfr	description	24.0	722.115741122	0.0
ib	lmd	description	24.0	722.115705745	0.0
ib	lmj	description	24.0	722.115742308	0.99
ib	dfr	description	24.0	722.115741122	0.0
lmd	lmj	description	24.0	722.115706767	0.99
lmd	dfr	description	24.0	722.115706099	0.99
lmj	dfr	description	24.0	722.115741122	0.0
tfidf	bm25	description	25.0	688.374593072	0.01
tfidf	ib	description	25.0	688.374610646	0.99
tfidf	lmd	description	25.0	688.374610406	0.99
tfidf	lmj	description	25.0	688.374611001	0.99
tfidf	dfr	description	25.0	688.374610426	0.99
bm25	ib	description	25.0	688.374593529	0.99
bm25	lmd	description	25.0	688.374593289	0.99
bm25	lmj	description	25.0	688.374593884	0.99
bm25	dfr	description	25.0	688.374593309	0.99
ib	lmd	description	25.0	688.374631866	0.0
ib	lmj	description	25.0	688.374656241	0.99
ib	dfr	description	25.0	688.374633844	0.0
lmd	lmj	description	25.0	688.374632461	0.99
lmd	dfr	description	25.0	688.374631886	0.99
lmj	dfr	description	25.0	688.374633844	0.0
tfidf	bm25	description	26.0	763.736562983	0.99
tfidf	ib	description	26.0	763.7365629	0.99
tfidf	lmd	description	26.0	763.736562847	0.99
tfidf	lmj	description	26.0	763.73656293	0.99
tfidf	dfr	description	26.0	763.736562812	0.99
bm25	ib	description	26.0	763.736581904	0.0
bm25	lmd	description	26.0	763.736576593	0.0
bm25	lmj	description	26.0	763.736584883	0.0
bm25	dfr	description	26.0	763.736573062	0.0
ib	lmd	description	26.0	763.736576593	0.0
ib	lmj	description	26.0	763.736581934	0.99
ib	dfr	description	26.0	763.736573062	0.0
lmd	lmj	description	26.0	763.736576676	0.99
lmd	dfr	description	26.0	763.736573062	0.0
lmj	dfr	description	26.0	763.736573062	0.0
tfidf	bm25	description	27.0	748.547249895	0.99
tfidf	ib	description	27.0	748.547249456	0.99
tfidf	lmd	description	27.0	748.547249456	0.99
tfidf	lmj	description	27.0	748.547249691	0.99
tfidf	dfr	description	27.0	748.547249636	0.99
bm25	ib	description	27.0	748.547266859	0.0
bm25	lmd	description	27.0	748.547266865	0.0
bm25	lmj	description	27.0	748.547290402	0.0
bm25	dfr	description	27.0	748.547284921	0.0
ib	lmd	description	27.0	748.54726686	0.99
ib	lmj	description	27.0	748.547267095	0.99
ib	dfr	description	27.0	748.54726704	0.99
lmd	lmj	description	27.0	748.547267101	0.99
lmd	dfr	description	27.0	748.547267046	0.99
lmj	dfr	description	27.0	748.547284921	0.0
tfidf	bm25	description	28.0	747.984092116	0.99
tfidf	ib	description	28.0	747.984034403	0.0
tfidf	lmd	description	28.0	747.98399214	0.0
tfidf	lmj	description	28.0	747.984030064	0.0
tfidf	dfr	description	28.0	747.98403903	0.0
bm25	ib	description	28.0	747.984034403	0.0
bm25	lmd	description	28.0	747.98399214	0.0
bm25	lmj	description	28.0	747.984030064	0.0
bm25	dfr	description	28.0	747.98403903	0.0
ib	lmd	description	28.0	747.98399214	0.0
ib	lmj	description	28.0	747.984030064	0.0
ib	dfr	description	28.0	747.984034449	0.99
lmd	lmj	description	28.0	747.98399252	0.99
lmd	dfr	description	28.0	747.983992609	0.99
lmj	dfr	description	28.0	747.984030153	0.99
tfidf	bm25	description	29.0	774.98701571	0.99
tfidf	ib	description	29.0	774.98701088	0.0
tfidf	lmd	description	29.0	774.987015564	0.99
tfidf	lmj	description	29.0	774.987015229	0.99
tfidf	dfr	description	29.0	774.987014987	0.99
bm25	ib	description	29.0	774.98701088	0.0
bm25	lmd	description	29.0	774.987089451	0.0
bm25	lmj	description	29.0	774.987055907	0.0
bm25	dfr	description	29.0	774.987031671	0.0
ib	lmd	description	29.0	774.987011666	0.99
ib	lmj	description	29.0	774.98701133	0.99
ib	dfr	description	29.0	774.987011088	0.99
lmd	lmj	description	29.0	774.987055907	0.0
lmd	dfr	description	29.0	774.987031671	0.0
lmj	dfr	description	29.0	774.987031671	0.0
tfidf	bm25	description	30.0	754.176993073	0.99
tfidf	ib	description	30.0	754.176993023	0.99
tfidf	lmd	description	30.0	754.17699303	0.99
tfidf	lmj	description	30.0	754.176993231	0.99
tfidf	dfr	description	30.0	754.176992955	0.99
bm25	ib	description	30.0	754.17701718	0.0
bm25	lmd	description	30.0	754.177017882	0.0
bm25	lmj	description	30.0	754.177022378	0.99
bm25	dfr	description	30.0	754.177010415	0.0
ib	lmd	description	30.0	754.177017187	0.99
ib	lmj	description	30.0	754.177017388	0.99
ib	dfr	description	30.0	754.177010415	0.0
lmd	lmj	description	30.0	754.177018083	0.99
lmd	dfr	description	30.0	754.177010415	0.0
lmj	dfr	description	30.0	754.177010415	0.0
tfidf	bm25	summary	1.0	714.81020111	0.99
tfidf	ib	summary	1.0	714.810201	0.99
tfidf	lmd	summary	1.0	714.810200974	0.99
tfidf	lmj	summary	1.0	714.810201269	0.99
tfidf	dfr	summary	1.0	714.81020097	0.99
bm25	ib	summary	1.0	714.81023623	0.0
bm25	lmd	summary	1.0	714.810233664	0.0
bm25	lmj	summary	1.0	714.810247389	0.99
bm25	dfr	summary	1.0	714.810233222	0.0
ib	lmd	summary	1.0	714.810233664	0.0
ib	lmj	summary	1.0	714.810236499	0.99
ib	dfr	summary	1.0	714.810233222	0.0
lmd	lmj	summary	1.0	714.810233959	0.99
lmd	dfr	summary	1.0	714.810233222	0.0
lmj	dfr	summary	1.0	714.810233222	0.0
tfidf	bm25	summary	2.0	774.41814491	0.01
tfidf	ib	summary	2.0	774.418146014	0.0
tfidf	lmd	summary	2.0	774.418150997	0.0
tfidf	lmj	summary	2.0	774.418144621	0.0
tfidf	dfr	summary	2.0	774.418164036	0.99
bm25	ib	summary	2.0	774.41814473	0.99
bm25	lmd	summary	2.0	774.41814478	0.99
bm25	lmj	summary	2.0	774.418144621	0.0
bm25	dfr	summary	2.0	774.418144978	0.99
ib	lmd	summary	2.0	774.418146064	0.99
ib	lmj	summary	2.0	774.418144621	0.0
ib	dfr	summary	2.0	774.418146262	0.99
lmd	lmj	summary	2.0	774.418144621	0.0
lmd	dfr	summary	2.0	774.418151195	0.99
lmj	dfr	summary	2.0	774.418144883	0.99
tfidf	bm25	summary	3.0	710.881201451	0.99
tfidf	ib	summary	3.0	710.881202362	0.99
tfidf	lmd	summary	3.0	710.881202731	0.99
tfidf	lmj	summary	3.0	710.88120444	0.99
tfidf	dfr	summary	3.0	710.881202796	0.99
bm25	ib	summary	3.0	710.881323227	0.99
bm25	lmd	summary	3.0	710.881323595	0.99
bm25	lmj	summary	3.0	710.881325305	0.99
bm25	dfr	summary	3.0	710.88132366	0.99
ib	lmd	summary	3.0	710.881414145	0.99
ib	lmj	summary	3.0	710.881415854	0.99
ib	dfr	summary	3.0	710.881414211	0.99
lmd	lmj	summary	3.0	710.881452316	0.99
lmd	dfr	summary	3.0	710.881450672	0.99
lmj	dfr	summary	3.0	710.881457124	0.0
tfidf	bm25	summary	4.0	789.5975824	0.99
tfidf	ib	summary	4.0	789.597583755	0.99
tfidf	lmd	summary	4.0	789.597583329	0.99
tfidf	lmj	summary	4.0	789.597583146	0.99
tfidf	dfr	summary	4.0	789.597583631	0.99
bm25	ib	summary	4.0	789.597596084	0.99
bm25	lmd	summary	4.0	789.597595658	0.99
bm25	lmj	summary	4.0	789.597595475	0.99
bm25	dfr	summary	4.0	789.597595959	0.99
ib	lmd	summary	4.0	789.59768768	0.0
ib	lmj	summary	4.0	789.597669415	0.0
ib	dfr	summary	4.0	789.597717826	0.0
lmd	lmj	summary	4.0	789.597669415	0.0
lmd	dfr	summary	4.0	789.597687981	0.99
lmj	dfr	summary	4.0	789.597669899	0.99
tfidf	bm25	summary	5.0	708.061418816	0.01
tfidf	ib	summary	5.0	708.061429841	0.0
tfidf	lmd	summary	5.0	708.061421616	0.0
tfidf	lmj	summary	5.0	708.061437064	0.99
tfidf	dfr	summary	5.0	708.061427552	0.0
bm25	ib	summary	5.0	708.061418747	0.99
bm25	lmd	summary	5.0	708.061418665	0.99
bm25	lmj	summary	5.0	708.061419136	0.99
bm25	dfr	summary	5.0	708.061418724	0.99
ib	lmd	summary	5.0	708.061421616	0.0
ib	lmj	summary	5.0	708.061430231	0.99
ib	dfr	summary	5.0	708.061427552	0.0
lmd	lmj	summary	5.0	708.061422087	0.99
lmd	dfr	summary	5.0	708.061421675	0.99
lmj	dfr	summary	5.0	708.061427552	0.0
tfidf	bm25	summary	6.0	732.814673602	0.99
tfidf	ib	summary	6.0	732.814672849	0.99
tfidf	lmd	summary	6.0	732.814673773	0.99
tfidf	lmj	summary	6.0	732.814673679	0.99
tfidf	dfr	summary	6.0	732.81467266	0.99
bm25	ib	summary	6.0	732.81470823	0.0
bm25	lmd	summary	6.0	732.814783732	0.99
bm25	lmj	summary	6.0	732.814783638	0.99
bm25	dfr	summary	6.0	732.814689329	0.0
ib	lmd	summary	6.0	732.814709154	0.99
ib	lmj	summary	6.0	732.81470906	0.99
ib	dfr	summary	6.0	732.814689329	0.0
lmd	lmj	summary	6.0	732.814791269	0.0
lmd	dfr	summary	6.0	732.814689329	0.0
lmj	dfr	summary	6.0	732.814689329	0.0
tfidf	bm25	summary	7.0	784.527099351	0.01
tfidf	ib	summary	7.0	784.527121187	0.99
tfidf	lmd	summary	7.0	784.527061237	0.0
tfidf	lmj	summary	7.0	784.527120772	0.99
tfidf	dfr	summary	7.0	784.527083655	0.0
bm25	ib	summary	7.0	784.527099924	0.99
bm25	lmd	summary	7.0	784.527061237	0.0
bm25	lmj	summary	7.0	784.527099509	0.99
bm25	dfr	summary	7.0	784.527083655	0.0
ib	lmd	summary	7.0	784.527061237	0.0
ib	lmj	summary	7.0	784.527136428	0.0
ib	dfr	summary	7.0	784.527083655	0.0
lmd	lmj	summary	7.0	784.527061989	0.99
lmd	dfr	summary	7.0	784.527061461	0.99
lmj	dfr	summary	7.0	784.527083655	0.0
tfidf	bm25	summary	8.0	706.90311064	0.01
tfidf	ib	summary	8.0	706.903175578	0.99
tfidf	lmd	summary	8.0	706.903174987	0.99
tfidf	lmj	summary	8.0	706.903176033	0.99
tfidf	dfr	summary	8.0	706.903174568	0.99
bm25	ib	summary	8.0	706.903124903	0.99
bm25	lmd	summary	8.0	706.903124312	0.99
bm25	lmj	summary	8.0	706.903125358	0.99
bm25	dfr	summary	8.0	706.903123893	0.99
ib	lmd	summary	8.0	706.904528787	0.0
ib	lmj	summary	8.0	706.904588385	0.99
ib	dfr	summary	8.0	706.904486885	0.0
lmd	lmj	summary	8.0	706.904529832	0.99
lmd	dfr	summary	8.0	706.904486885	0.0
lmj	dfr	summary	8.0	706.904486885	0.0
tfidf	bm25	summary	9.0	689.515831948	0.99
tfidf	ib	summary	9.0	689.515823351	0.0
tfidf	lmd	summary	9.0	689.515771175	0.0
tfidf	lmj	summary	9.0	689.515833219	0.99
tfidf	dfr	summary	9.0	689.515788939	0.0
bm25	ib	summary	9.0	689.515823351	0.0
bm25	lmd	summary	9.0	689.515771175	0.0
bm25	lmj	summary	9.0	689.515837335	0.99
bm25	dfr	summary	9.0	689.515788939	0.0
ib	lmd	summary	9.0	689.515771175	0.0
ib	lmj	summary	9.0	689.515824747	0.99
ib	dfr	summary	9.0	689.515788939	0.0
lmd	lmj	summary	9.0	689.515773094	0.99
lmd	dfr	summary	9.0	689.515771353	0.99
lmj	dfr	summary	9.0	689.515788939	0.0
tfidf	bm25	summary	10.0	699.065969824	0.99
tfidf	ib	summary	10.0	699.06596971	0.99
tfidf	lmd	summary	10.0	699.065969699	0.99
tfidf	lmj	summary	10.0	699.065969784	0.99
tfidf	dfr	summary	10.0	699.065966117	0.0
bm25	ib	summary	10.0	699.065980079	0.0
bm25	lmd	summary	10.0	699.06597898	0.0
bm25	lmj	summary	10.0	699.065987514	0.0
bm25	dfr	summary	10.0	699.065966117	0.0
ib	lmd	summary	10.0	699.06597898	0.0
ib	lmj	summary	10.0	699.065980153	0.99
ib	dfr	summary	10.0	699.065966117	0.0
lmd	lmj	summary	10.0	699.065979065	0.99
lmd	dfr	summary	10.0	699.065966117	0.0
lmj	dfr	summary	10.0	699.065966117	0.0
tfidf	bm25	summary	11.0	715.938920551	0.99
tfidf	ib	summary	11.0	715.938919858	0.99
tfidf	lmd	summary	11.0	715.938920523	0.99
tfidf	lmj	summary	11.0	715.938920434	0.99
tfidf	dfr	summary	11.0	715.938920058	0.99
bm25	ib	summary	11.0	715.938949295	0.0
bm25	lmd	summary	11.0	715.939015839	0.0
bm25	lmj	summary	11.0	715.939006915	0.0
bm25	dfr	summary	11.0	715.938969295	0.0
ib	lmd	summary	11.0	715.93894996	0.99
ib	lmj	summary	11.0	715.938949871	0.99
ib	dfr	summary	11.0	715.938949495	0.99
lmd	lmj	summary	11.0	715.939006915	0.0
lmd	dfr	summary	11.0	715.938969295	0.0
lmj	dfr	summary	11.0	715.938969295	0.0
tfidf	bm25	summary	12.0	710.869801235	0.99
tfidf	ib	summary	12.0	710.869801362	0.99
tfidf	lmd	summary	12.0	710.869801642	0.99
tfidf	lmj	summary	12.0	710.86978739	0.0
tfidf	dfr	summary	12.0	710.869801268	0.99
bm25	ib	summary	12.0	710.869833966	0.99
bm25	lmd	summary	12.0	710.869834246	0.99
bm25	lmj	summary	12.0	710.86978739	0.0
bm25	dfr	summary	12.0	710.869833872	0.99
ib	lmd	summary	12.0	710.869846856	0.99
ib	lmj	summary	12.0	710.86978739	0.0
ib	dfr	summary	12.0	710.869837216	0.0
lmd	lmj	summary	12.0	710.86978739	0.0
lmd	dfr	summary	12.0	710.869837216	0.0
lmj	dfr	summary	12.0	710.869787888	0.99
tfidf	bm25	summary	13.0	754.177954923	0.99
tfidf	ib	summary	13.0	754.177954818	0.99
tfidf	lmd	summary	13.0	754.177954993	0.99
tfidf	lmj	summary	13.0	754.177954998	0.99
tfidf	dfr	summary	13.0	754.17795468	0.99
bm25	ib	summary	13.0	754.178007232	0.0
bm25	lmd	summary	13.0	754.178017779	0.99
bm25	lmj	summary	13.0	754.178017784	0.99
bm25	dfr	summary	13.0	754.177993433	0.0
ib	lmd	summary	13.0	754.178007407	0.99
ib	lmj	summary	13.0	754.178007411	0.99
ib	dfr	summary	13.0	754.177993433	0.0
lmd	lmj	summary	13.0	754.178024723	0.99
lmd	dfr	summary	13.0	754.177993433	0.0
lmj	dfr	summary	13.0	754.177993433	0.0
tfidf	bm25	summary	14.0	767.11168324	0.99
tfidf	ib	summary	14.0	767.111601968	0.0
tfidf	lmd	summary	14.0	767.111618026	0.0
tfidf	lmj	summary	14.0	767.111631895	0.0
tfidf	dfr	summary	14.0	767.111625005	0.0
bm25	ib	summary	14.0	767.111601968	0.0
bm25	lmd	summary	14.0	767.111618026	0.0
bm25	lmj	summary	14.0	767.111631895	0.0
bm25	dfr	summary	14.0	767.111625005	0.0
ib	lmd	summary	14.0	767.111602128	0.99
ib	lmj	summary	14.0	767.111602267	0.99
ib	dfr	summary	14.0	767.111602198	0.99
lmd	lmj	summary	14.0	767.111618165	0.99
lmd	dfr	summary	14.0	767.111618096	0.99
lmj	dfr	summary	14.0	767.111625005	0.0
tfidf	bm25	summary	15.0	746.295349777	0.99
tfidf	ib	summary	15.0	746.295308213	0.0
tfidf	lmd	summary	15.0	746.295349676	0.99
tfidf	lmj	summary	15.0	746.29535077	0.99
tfidf	dfr	summary	15.0	746.295349936	0.99
bm25	ib	summary	15.0	746.295308213	0.0
bm25	lmd	summary	15.0	746.295383909	0.0
bm25	lmj	summary	15.0	746.295395016	0.99
bm25	dfr	summary	15.0	746.295394182	0.99
ib	lmd	summary	15.0	746.29530897	0.99
ib	lmj	summary	15.0	746.295310064	0.99
ib	dfr	summary	15.0	746.29530923	0.99
lmd	lmj	summary	15.0	746.295385003	0.99
lmd	dfr	summary	15.0	746.295384169	0.99
lmj	dfr	summary	15.0	746.295409942	0.0
tfidf	bm25	summary	16.0	680.509430136	0.99
tfidf	ib	summary	16.0	680.509396479	0.0
tfidf	lmd	summary	16.0	680.509430195	0.99
tfidf	lmj	summary	16.0	680.509430198	0.99
tfidf	dfr	summary	16.0	680.509429713	0.99
bm25	ib	summary	16.0	680.509396479	0.0
bm25	lmd	summary	16.0	680.50947915	0.99
bm25	lmj	summary	16.0	680.509479153	0.99
bm25	dfr	summary	16.0	680.509436797	0.0
ib	lmd	summary	16.0	680.509397365	0.99
ib	lmj	summary	16.0	680.509397367	0.99
ib	dfr	summary	16.0	680.509396882	0.99
lmd	lmj	summary	16.0	680.509485037	0.99
lmd	dfr	summary	16.0	680.509436797	0.0
lmj	dfr	summary	16.0	680.509436797	0.0
tfidf	bm25	summary	17.0	743.484902346	0.99
tfidf	ib	summary	17.0	743.484898326	0.0
tfidf	lmd	summary	17.0	743.484902292	0.99
tfidf	lmj	summary	17.0	743.48490408	0.99
tfidf	dfr	summary	17.0	743.484902915	0.99
bm25	ib	summary	17.0	743.484898326	0.0
bm25	lmd	summary	17.0	743.484924032	0.0
bm25	lmj	summary	17.0	743.484931079	0.99
bm25	dfr	summary	17.0	743.484929915	0.99
ib	lmd	summary	17.0	743.484898583	0.99
ib	lmj	summary	17.0	743.48490037	0.99
ib	dfr	summary	17.0	743.484899205	0.99
lmd	lmj	summary	17.0	743.484925819	0.99
lmd	dfr	summary	17.0	743.484924655	0.99
lmj	dfr	summary	17.0	743.484986291	0.0
tfidf	bm25	summary	18.0	715.367570428	0.99
tfidf	ib	summary	18.0	715.367307538	0.0
tfidf	lmd	summary	18.0	715.367301456	0.0
tfidf	lmj	summary	18.0	715.367316121	0.0
tfidf	dfr	summary	18.0	715.367307465	0.0
bm25	ib	summary	18.0	715.367307538	0.0
bm25	lmd	summary	18.0	715.367301456	0.0
bm25	lmj	summary	18.0	715.367316121	0.0
bm25	dfr	summary	18.0	715.367307465	0.0
ib	lmd	summary	18.0	715.367301456	0.0
ib	lmj	summary	18.0	715.367307624	0.99
ib	dfr	summary	18.0	715.367307465	0.0
lmd	lmj	summary	18.0	715.367301603	0.99
lmd	dfr	summary	18.0	715.367301516	0.99
lmj	dfr	summary	18.0	715.367307465	0.0
tfidf	bm25	summary	19.0	751.35678407	0.01
tfidf	ib	summary	19.0	751.356892018	0.99
tfidf	lmd	summary	19.0	751.356891503	0.99
tfidf	lmj	summary	19.0	751.356893484	0.99
tfidf	dfr	summary	19.0	751.356891946	0.99
bm25	ib	summary	19.0	751.356787559	0.99
bm25	lmd	summary	19.0	751.356787044	0.99
bm25	lmj	summary	19.0	751.356789025	0.99
bm25	dfr	summary	19.0	751.356787487	0.99
ib	lmd	summary	19.0	751.357185995	0.0
ib	lmj	summary	19.0	751.357238913	0.99
ib	dfr	summary	19.0	751.357230243	0.0
lmd	lmj	summary	19.0	751.357187975	0.99
lmd	dfr	summary	19.0	751.357186437	0.99
lmj	dfr	summary	19.0	751.357230243	0.0
tfidf	bm25	summary	20.0	744.616189858	0.99
tfidf	ib	summary	20.0	744.616189043	0.99
tfidf	lmd	summary	20.0	744.616189733	0.99
tfidf	lmj	summary	20.0	744.616190211	0.99
tfidf	dfr	summary	20.0	744.616189145	0.99
bm25	ib	summary	20.0	744.616232439	0.0
bm25	lmd	summary	20.0	744.616301419	0.0
bm25	lmj	summary	20.0	744.616314284	0.99
bm25	dfr	summary	20.0	744.616242606	0.0
ib	lmd	summary	20.0	744.616233129	0.99
ib	lmj	summary	20.0	744.616233606	0.99
ib	dfr	summary	20.0	744.61623254	0.99
lmd	lmj	summary	20.0	744.616301897	0.99
lmd	dfr	summary	20.0	744.616242606	0.0
lmj	dfr	summary	20.0	744.616242606	0.0
tfidf	bm25	summary	21.0	735.598230974	0.01
tfidf	ib	summary	21.0	735.59834179	0.99
tfidf	lmd	summary	21.0	735.598342239	0.99
tfidf	lmj	summary	21.0	735.598342298	0.99
tfidf	dfr	summary	21.0	735.598343829	0.99
bm25	ib	summary	21.0	735.598232429	0.99
bm25	lmd	summary	21.0	735.598232879	0.99
bm25	lmj	summary	21.0	735.598232937	0.99
bm25	dfr	summary	21.0	735.598234468	0.99
ib	lmd	summary	21.0	735.598486373	0.99
ib	lmj	summary	21.0	735.598486431	0.99
ib	dfr	summary	21.0	735.598487962	0.99
lmd	lmj	summary	21.0	735.598530909	0.99
lmd	dfr	summary	21.0	735.59853244	0.99
lmj	dfr	summary	21.0	735.598538208	0.99
tfidf	bm25	summary	22.0	692.304628108	0.99
tfidf	ib	summary	22.0	692.30454242	0.0
tfidf	lmd	summary	22.0	692.304627812	0.99
tfidf	lmj	summary	22.0	692.304629898	0.99
tfidf	dfr	summary	22.0	692.304628038	0.99
bm25	ib	summary	22.0	692.30454242	0.0
bm25	lmd	summary	22.0	692.304653466	0.0
bm25	lmj	summary	22.0	692.304684762	0.99
bm25	dfr	summary	22.0	692.30467605	0.0
ib	lmd	summary	22.0	692.30454353	0.99
ib	lmj	summary	22.0	692.304545615	0.99
ib	dfr	summary	22.0	692.304543756	0.99
lmd	lmj	summary	22.0	692.304655551	0.99
lmd	dfr	summary	22.0	692.304653692	0.99
lmj	dfr	summary	22.0	692.30467605	0.0
tfidf	bm25	summary	23.0	748.546539768	0.99
tfidf	ib	summary	23.0	748.546540161	0.99
tfidf	lmd	summary	23.0	748.546539672	0.99
tfidf	lmj	summary	23.0	748.546500365	0.0
tfidf	dfr	summary	23.0	748.546539977	0.99
bm25	ib	summary	23.0	748.546558515	0.99
bm25	lmd	summary	23.0	748.546548567	0.0
bm25	lmj	summary	23.0	748.546500365	0.0
bm25	dfr	summary	23.0	748.546558331	0.99
ib	lmd	summary	23.0	748.546548567	0.0
ib	lmj	summary	23.0	748.546500365	0.0
ib	dfr	summary	23.0	748.546579049	0.0
lmd	lmj	summary	23.0	748.546500365	0.0
lmd	dfr	summary	23.0	748.546548871	0.99
lmj	dfr	summary	23.0	748.546501152	0.99
tfidf	bm25	summary	24.0	695.679937243	0.01
tfidf	ib	summary	24.0	695.679655314	0.0
tfidf	lmd	summary	24.0	695.679605884	0.0
tfidf	lmj	summary	24.0	695.679765594	0.0
tfidf	dfr	summary	24.0	695.679679995	0.0
bm25	ib	summary	24.0	695.679655314	0.0
bm25	lmd	summary	24.0	695.679605884	0.0
bm25	lmj	summary	24.0	695.679765594	0.0
bm25	dfr	summary	24.0	695.679679995	0.0
ib	lmd	summary	24.0	695.679605884	0.0
ib	lmj	summary	24.0	695.679656416	0.99
ib	dfr	summary	24.0	695.67965556	0.99
lmd	lmj	summary	24.0	695.679607481	0.99
lmd	dfr	summary	24.0	695.679606625	0.99
lmj	dfr	summary	24.0	695.679679995	0.0
tfidf	bm25	summary	25.0	671.505276791	0.99
tfidf	ib	summary	25.0	671.505277413	0.99
tfidf	lmd	summary	25.0	671.505277234	0.99
tfidf	lmj	summary	25.0	671.50527763	0.99
tfidf	dfr	summary	25.0	671.505277228	0.99
bm25	ib	summary	25.0	671.505308187	0.99
bm25	lmd	summary	25.0	671.505308008	0.99
bm25	lmj	summary	25.0	671.505308404	0.99
bm25	dfr	summary	25.0	671.505308002	0.99
ib	lmd	summary	25.0	671.505352016	0.0
ib	lmj	summary	25.0	671.505370069	0.99
ib	dfr	summary	25.0	671.50535139	0.0
lmd	lmj	summary	25.0	671.505352412	0.99
lmd	dfr	summary	25.0	671.50535139	0.0
lmj	dfr	summary	25.0	671.50535139	0.0
tfidf	bm25	summary	26.0	772.173802752	0.01
tfidf	ib	summary	26.0	772.173825818	0.0
tfidf	lmd	summary	26.0	772.173799095	0.0
tfidf	lmj	summary	26.0	772.173837549	0.99
tfidf	dfr	summary	26.0	772.173837556	0.99
bm25	ib	summary	26.0	772.173802636	0.99
bm25	lmd	summary	26.0	772.173799095	0.0
bm25	lmj	summary	26.0	772.17380287	0.99
bm25	dfr	summary	26.0	772.173802878	0.99
ib	lmd	summary	26.0	772.173799095	0.0
ib	lmj	summary	26.0	772.173826052	0.99
ib	dfr	summary	26.0	772.173826059	0.99
lmd	lmj	summary	26.0	772.173799596	0.99
lmd	dfr	summary	26.0	772.173799604	0.99
lmj	dfr	summary	26.0	772.173849238	0.99
tfidf	bm25	summary	27.0	731.103708502	0.99
tfidf	ib	summary	27.0	731.103063095	0.0
tfidf	lmd	summary	27.0	731.103123682	0.0
tfidf	lmj	summary	27.0	731.103148613	0.0
tfidf	dfr	summary	27.0	731.103195515	0.0
bm25	ib	summary	27.0	731.103063095	0.0
bm25	lmd	summary	27.0	731.103123682	0.0
bm25	lmj	summary	27.0	731.103148613	0.0
bm25	dfr	summary	27.0	731.103195515	0.0
ib	lmd	summary	27.0	731.103063701	0.99
ib	lmj	summary	27.0	731.10306395	0.99
ib	dfr	summary	27.0	731.103064419	0.99
lmd	lmj	summary	27.0	731.103123931	0.99
lmd	dfr	summary	27.0	731.1031244	0.99
lmj	dfr	summary	27.0	731.103149082	0.99
tfidf	bm25	summary	28.0	769.352815248	0.01
tfidf	ib	summary	28.0	769.352896672	0.99
tfidf	lmd	summary	28.0	769.352850782	0.0
tfidf	lmj	summary	28.0	769.352896838	0.99
tfidf	dfr	summary	28.0	769.352883945	0.0
bm25	ib	summary	28.0	769.352816418	0.99
bm25	lmd	summary	28.0	769.3528148	0.99
bm25	lmj	summary	28.0	769.352816584	0.99
bm25	dfr	summary	28.0	769.352815132	0.99
ib	lmd	summary	28.0	769.352850782	0.0
ib	lmj	summary	28.0	769.353012703	0.99
ib	dfr	summary	28.0	769.352883945	0.0
lmd	lmj	summary	28.0	769.352852565	0.99
lmd	dfr	summary	28.0	769.352851114	0.99
lmj	dfr	summary	28.0	769.352883945	0.0
tfidf	bm25	summary	29.0	796.349039283	0.99
tfidf	ib	summary	29.0	796.34903909	0.99
tfidf	lmd	summary	29.0	796.349039426	0.99
tfidf	lmj	summary	29.0	796.349039402	0.99
tfidf	dfr	summary	29.0	796.349039362	0.99
bm25	ib	summary	29.0	796.349075906	0.0
bm25	lmd	summary	29.0	796.349095303	0.99
bm25	lmj	summary	29.0	796.349095278	0.99
bm25	dfr	summary	29.0	796.349095238	0.99
ib	lmd	summary	29.0	796.349076242	0.99
ib	lmj	summary	29.0	796.349076218	0.99
ib	dfr	summary	29.0	796.349076178	0.99
lmd	lmj	summary	29.0	796.349107042	0.0
lmd	dfr	summary	29.0	796.349103057	0.0
lmj	dfr	summary	29.0	796.349103057	0.0
tfidf	bm25	summary	30.0	754.739589453	0.99
tfidf	ib	summary	30.0	754.739589385	0.99
tfidf	lmd	summary	30.0	754.739589322	0.99
tfidf	lmj	summary	30.0	754.739589851	0.99
tfidf	dfr	summary	30.0	754.739589162	0.99
bm25	ib	summary	30.0	754.739626571	0.0
bm25	lmd	summary	30.0	754.73962028	0.0
bm25	lmj	summary	30.0	754.739633768	0.99
bm25	dfr	summary	30.0	754.739604344	0.0
ib	lmd	summary	30.0	754.73962028	0.0
ib	lmj	summary	30.0	754.739627037	0.99
ib	dfr	summary	30.0	754.739604344	0.0
lmd	lmj	summary	30.0	754.739620809	0.99
lmd	dfr	summary	30.0	754.739604344	0.0
lmj	dfr	summary	30.0	754.739604344	0.0
